,location_id,lat,lng,competitor_count_1500m,nearest_competitor_m,poi_count_1500m,nearest_poi_m,poi_restaurant_count_1500m,nearest_poi_restaurant_m,poi_bank_count_1500m,nearest_poi_bank_m,poi_school_count_1500m,nearest_poi_school_m,poi_bus_stop_count_1500m,nearest_poi_bus_stop_m,poi_park_count_1500m,nearest_poi_park_m,poi_pharmacy_count_1500m,nearest_poi_pharmacy_m,poi_hospital_count_1500m,nearest_poi_hospital_m,poi_mall_count_1500m,nearest_poi_mall_m,building_count_1500m,residential_ratio_1500m,population_1500m,signals_1500m,unique_users_1500m
0,861e23247ffffff,50.41570087318157,19.152815094381737,0,10279.029690442954,0,2542.8272742671634,0,5434.237235706141,0,9436.143849047396,0,10507.419780728464,0,2542.8272742671634,0,14002.406015283506,0,9913.268226574713,0,10515.66377271292,0,11351.06452312778,984,0.38414634146341464,1209,993.0,62.0
1,861e2e487ffffff,50.16746135172333,19.394245406561414,0,3473.4775949539435,0,1535.5675764683078,0,18772.064451178932,0,2858.6526866854047,0,1535.5675764683078,0,6364.5732782595005,0,4727.917423119961,0,2973.82321367734,0,2979.1325816590083,0,3153.7075609881044,2111,0.6944576030317385,4058,4451.0,173.0
2,861e2e5b7ffffff,50.308746744662635,19.186739448623072,0,1884.9693056167812,0,1650.417248799506,0,3918.779125518542,0,8370.96906632015,0,1650.417248799506,0,2370.392395608022,0,4296.999669547812,0,2011.3215772061997,0,3586.372301828098,0,4939.483211980535,2790,0.589247311827957,21617,68302.0,1175.0
3,861e05b17ffffff,50.00626005109382,19.444397457975747,0,13924.063257552107,1,1175.6206528800853,0,21924.663659658232,1,1175.6206528800853,0,1589.5781228716262,0,8401.986279012128,0,8947.619819705673,0,7185.149010202537,0,14577.223480870163,0,15237.792742317373,1424,0.5962078651685393,3079,12458.0,310.0
4,861e2e4afffffff,50.20395238559589,19.464339706899693,0,3002.8568306157304,2,747.4576179904045,0,12682.504651494144,0,8026.058914776903,0,6080.822862960606,2,747.4576179904045,0,4837.509512756025,0,1500.1431478759398,0,7822.525206282575,0,7800.42485074295,838,0.60381861575179,1915,2931.0,73.0
5,861e2321fffffff,50.3592710682383,18.92559028699316,0,2843.790954717717,4,687.9858303478023,0,4499.243932737925,1,1277.3188787835008,1,1190.9626154028422,1,687.9858303478023,1,1323.0135481221885,0,3088.4179542761462,0,1783.4361421616427,0,8122.617025346134,3498,0.565180102915952,25405,128703.0,1698.0
6,861e2e45fffffff,50.242070972533504,19.778526663057047,0,6071.0712644374225,1,261.44971228652605,1,261.44971228652605,0,18987.380872454243,0,2958.626354818487,0,8143.853630029651,0,14058.586889895014,0,16245.68621333937,0,20087.76623058907,0,22485.375389930115,444,0.527027027027027,592,326.0,40.0
7,861e2339fffffff,50.35578610795392,18.681503508205612,0,5846.994894935661,0,4139.367186217988,0,4271.798675827151,0,7844.242370663446,0,4672.005186802384,0,5951.907583555678,0,4139.367186217988,0,5714.567213606604,0,7329.231590326534,0,14080.075291777397,445,0.5191011235955056,823,1389.0,44.0
8,861e2e58fffffff,50.27470830407658,19.36068778049813,0,8033.597059963713,0,6691.1762174816695,0,13023.498759002508,0,10237.3167713207,0,11589.914517502408,0,6691.1762174816695,0,7762.515405579081,0,10042.509050603418,0,10307.24248791582,0,15234.823130523248,284,0.5352112676056338,390,472.0,22.0
9,861e05867ffffff,50.09430710471816,19.254290008342302,0,2309.66357349707,0,5494.060419295244,0,6740.02188174721,0,7571.214861140338,0,11259.523768187993,0,8333.825656108362,0,12978.212052521423,0,5494.060419295244,0,11538.337324024546,0,6972.977091700376,1527,0.6123117223313687,6628,21717.0,230.0
10,861e2e437ffffff,50.31116852292873,19.43086659376066,0,3295.6938507247446,0,9916.802449482733,0,13629.010766863787,0,9916.802449482733,0,9918.843388773232,0,11351.128902267286,0,11581.725961474112,0,12204.656365083847,0,16649.605520412093,0,18858.505167062474,1179,0.48091603053435117,1636,2560.0,137.0
11,861e2e737ffffff,50.31447931741731,19.91939496518445,0,18254.35277004828,0,3717.4370517858383,0,11908.262501067213,0,13997.257135785823,0,12673.49837687899,0,3717.4370517858383,0,6757.732917315056,0,7490.319998841897,0,24626.235553839113,0,25623.120216666575,201,0.4079601990049751,211,112.0,12.0
12,861e05b67ffffff,50.09830364846876,19.74123044642771,1,1356.202003293441,0,1645.4503129541051,0,8000.992851122686,0,13921.077856195834,0,11565.975467532755,0,1645.4503129541051,0,9329.820427022667,0,10598.585383944004,0,12590.365138871515,0,14395.423108884992,432,0.6273148148148148,691,772.0,30.0
13,861e2e4d7ffffff,50.1330239875983,19.5678018104355,0,9555.383414564598,0,3913.7733869497915,0,12299.532630919954,0,11688.232317827456,0,5969.620691909479,0,8516.998940455864,0,3913.7733869497915,0,9468.711497958682,0,9842.71066344639,0,11077.735742137154,1287,0.6425796425796426,1853,2727.0,96.0
14,861e05907ffffff,50.161995900399745,18.90709809380375,2,456.5530877024173,4,579.9437006054314,1,707.1600150317736,1,579.9437006054314,0,6818.711695368264,0,9054.92570728442,1,877.1840907261625,0,7225.782454913774,0,8127.777120081689,1,645.64208593096,3690,0.6940379403794038,17449,42253.0,678.0
15,861e2e567ffffff,50.473697664052715,19.62522464846739,0,7827.313720937788,0,2223.8265501595242,0,5909.448399228416,0,15356.880849001654,0,2223.8265501595242,0,15329.307451600349,0,12269.048808986994,0,20747.566320648595,0,39337.22626832383,0,39848.63534056791,98,0.47959183673469385,115,241.0,16.0
16,861e2e697ffffff,50.00943999487745,19.930869453306507,0,1611.0722559965698,0,1797.8376719444889,0,2844.642107948603,0,5216.901363843823,0,1995.1502399472777,0,4081.1150380519475,0,1797.8376719444889,0,4872.53135418976,0,4969.517781732365,0,2059.269520248701,3383,0.6775051729234407,17414,59694.0,1317.0
17,861e23297ffffff,50.24891625924397,18.71607771253494,0,4199.52007061192,0,3201.5326860488985,0,5937.2962059855745,0,4307.57368685181,0,4286.567417525888,0,3201.5326860488985,0,7527.083808765808,0,4277.164666321397,0,6243.706994206222,0,4314.629388407154,1104,0.5380434782608695,1731,5931.0,276.0
18,861e2e40fffffff,50.27676162084963,19.604761106403988,0,2831.1093646608774,0,2462.784571433043,0,5158.794910538032,0,7829.55906522931,0,3043.1550391997775,0,2462.784571433043,0,16556.46425344825,0,14200.006888815586,0,19903.924341563303,0,20278.19004732039,1087,0.48206071757129715,3044,7413.0,264.0
19,861e0596fffffff,50.201615347336904,19.22056428200392,0,8136.805538784705,0,3146.723530159014,0,6125.768498625963,0,3717.825823131612,0,5218.604144778564,0,3146.723530159014,0,3308.1113149580656,0,10583.51255160199,0,3569.7389653620103,0,14656.021594162281,287,0.003484320557491289,1,1135.0,53.0
20,861e2e79fffffff,50.11711759009044,19.898163036884036,0,3611.1479444678375,0,3296.1545893156035,0,3296.1545893156035,0,4490.9116934681215,0,4381.7647324779255,0,5021.444924745034,0,5766.519561897728,0,3571.2194337315045,0,3899.821782007601,0,6814.450371353715,1857,0.686052773290253,4007,4885.0,176.0
21,861e232d7ffffff,50.252314199234206,18.959815442901707,1,1192.5353099163603,1,1101.2869277416412,0,2612.2259642803706,0,2825.273533939202,0,2147.662966607959,0,3181.7343602361834,1,1101.2869277416412,0,4114.163063051692,0,2241.95919382821,0,7667.595016605239,477,0.519916142557652,7261,17244.0,361.0
22,861e05947ffffff,50.16498287181159,19.15061975466308,0,4916.008859662388,0,3263.528888342992,0,5280.858580758402,0,3263.528888342992,0,7822.070545332382,0,6954.3129952985755,0,7923.1758758114665,0,13125.4548859048,0,9508.986119305908,0,14831.558875618817,592,0.7837837837837838,1286,1677.0,115.0
23,861e2364fffffff,50.14186886616262,18.750550947905303,0,1674.8730752651086,1,1164.9166914242574,0,8910.693402829356,0,6357.367479089414,0,6325.321474280714,1,1164.9166914242574,0,11200.805329310662,0,9050.716183077839,0,15797.608211537035,0,1731.662470286262,1945,0.6642673521850899,4389,9669.0,221.0
24,861e0592fffffff,50.19876924974834,18.97689043962638,0,5278.154363615871,2,1207.4275592691683,0,1680.1606376268312,0,1770.8301412159087,0,6121.417394670998,0,6137.338467934031,0,1871.085650531903,2,1207.4275592691683,0,4096.928808601019,0,6242.228661939527,5669,0.710530957840889,22040,85070.0,871.0
25,861e05817ffffff,50.00105035835695,18.95829753045003,0,3160.6275030104703,1,1188.2850452198363,0,13978.779206106468,0,2720.2961869350156,0,16327.323474066257,1,1188.2850452198363,0,13067.222343747337,0,7633.543404217827,0,12905.297728770443,0,2694.551352668103,2026,0.6436327739387957,4998,10335.0,465.0
26,861e23667ffffff,50.212017600249716,18.646398885376026,0,2407.571740079249,0,1900.9307599767872,0,8996.417354406409,0,2315.8847088863226,0,2199.6421793026198,0,1914.3269869622484,0,8660.118708066388,0,1900.9307599767872,0,8875.574620108251,0,2309.335745184181,1316,0.6208206686930091,2752,12281.0,233.0
27,861e2e517ffffff,50.38177829313906,19.32703133437573,0,10523.865098196036,0,4250.9620689989815,0,4250.9620689989815,0,4944.428574675815,0,13017.138084050825,0,5617.05972702058,0,6820.80127740711,0,8659.858397955448,0,16075.698204059845,0,16550.41248734921,627,0.5039872408293461,873,3007.0,64.0
28,861e05ba7ffffff,49.96966564122551,19.374506901307683,0,14053.316956642222,0,4106.801825985876,0,19722.398796255435,0,5401.825263345078,0,4958.8403555926425,0,13346.656825676639,0,4106.801825985876,0,13373.751961916703,0,19031.01198036178,0,13846.974902208547,576,0.5138888888888888,1103,1397.0,38.0
29,861e2e787ffffff,50.17089048428954,19.881773669837134,0,7312.955563981828,0,2675.462115299245,0,9373.505591680963,0,8438.525092736503,0,7874.659126453646,0,2675.462115299245,0,11828.896970859214,0,9467.384437421286,0,9522.86135568528,0,11699.319562733817,1077,0.6323119777158774,1669,2423.0,87.0
30,861e232afffffff,50.32254312674813,18.855673485277343,0,2628.7202698460137,2,1234.549767337917,0,6299.080241741897,0,5303.390428232497,2,1234.549767337917,0,4744.136956139884,0,5518.51497730815,0,4859.147136714301,0,4676.716601666782,0,3428.6938056133195,1906,0.5498426023084995,14945,56908.0,730.0
31,861e2e4efffffff,50.20577977763022,19.70820794683821,0,3577.3361837797597,0,6101.2681081522105,0,6101.2681081522105,0,18349.342894136873,0,7549.076369336882,0,6839.367498309857,0,12376.35200930594,0,18882.651107836464,0,20644.752030825006,0,22214.882734489915,214,0.5186915887850467,363,392.0,13.0
32,861e23677ffffff,50.17506230318077,18.576799525098462,0,2539.8583460799837,0,2036.2316604934397,0,14360.15193430997,0,8673.488993431749,0,6632.727723759567,0,2036.2316604934397,0,2264.323183748421,0,7100.42344421377,0,14200.250097867836,0,8666.48475815168,23,0.34782608695652173,29,4.0,1.0
33,861e05827ffffff,50.09154658578103,19.010965530214232,0,2989.554817820031,0,2858.182936108884,0,4276.2011672822355,0,11164.703535170653,0,6065.2149248489995,0,3122.851801969243,0,3355.4561430837985,0,10935.304657123872,0,2858.182936108884,0,11377.342918777218,2051,0.6231106777181863,9583,50030.0,1037.0
34,861e05957ffffff,50.12829324051937,19.080753478673262,0,3197.097610166173,0,4889.236814711263,0,6948.494482073977,0,7776.792781068556,0,6142.193228254767,0,4889.236814711263,0,6862.363460706606,0,11525.093225920364,0,6373.0638192093975,0,13339.942014808277,465,0.6021505376344086,1085,1919.0,67.0
35,861e232e7ffffff,50.34250079904654,19.012669714734887,0,2408.3754648401696,0,2114.6494275489954,0,4603.512315924634,0,6395.2303483570495,0,2517.3975354525114,0,4177.1737412105,0,6422.81905561085,0,5244.777615049911,0,2114.6494275489954,0,8071.13462999432,1780,0.6157303370786517,3867,10122.0,209.0
36,861e0591fffffff,50.10839157237029,18.92418952269879,0,2633.1768214163617,0,4545.566171246416,0,4663.69533241121,0,6633.51965984683,0,6762.40682561225,0,9552.707457079856,0,4545.566171246416,0,11921.224274959997,0,5045.766057273124,0,6723.631453836672,17,0.5294117647058824,27,42.0,9.0
37,861e2376fffffff,50.31891745988254,18.61174247889596,0,6341.290139146538,0,2670.6758632998276,0,2670.6758632998276,0,10585.70286389193,0,3281.1428166625033,0,2812.911067172522,0,4595.245155086956,0,4613.734600126288,0,4534.915748259512,0,10587.54487674541,1266,0.6003159557661928,5665,41194.0,622.0
38,861e2e7afffffff,50.20709698637166,19.952160214215798,0,12595.575806934152,0,7317.870988570873,0,10929.053369660422,0,9822.71854735682,0,8026.39112582531,0,7317.870988570873,0,15435.73637862365,0,11794.983602996803,0,12692.313609559356,0,13464.199527069457,778,0.4845758354755784,888,543.0,26.0
39,861e23287ffffff,50.28575814598765,18.785835936295797,0,2642.2775349216454,1,531.5554045829922,0,3429.334977429275,0,2302.0478665002543,1,531.5554045829922,0,3375.026775846715,0,7739.729413201054,0,2842.772280789232,0,3398.9698283039183,0,6354.10191528047,2564,0.6466458658346333,23231,79073.0,992.0
40,861e2e54fffffff,50.40290755092095,19.72893860001198,0,15771.772836765125,0,8673.009577285462,0,14035.244968147515,0,13693.508380566058,0,8673.009577285462,0,18744.25583679925,0,10177.173674607353,0,10712.095666610006,0,36416.44741816207,0,36705.994781067806,403,0.41935483870967744,581,1306.0,32.0
41,861e2e41fffffff,50.240385852032645,19.53451163412578,0,3909.9312836158388,0,3502.964211150299,0,7231.013146595301,0,11419.999939067293,0,3502.964211150299,0,4047.403812141971,0,10361.30874730805,0,7780.611683227733,0,13685.226239463604,0,13951.122084927963,317,0.5520504731861199,485,303.0,15.0
42,861e0584fffffff,50.02345875011182,19.35777209160571,0,9259.619059276316,0,4802.809786127702,0,15477.399878570446,0,6402.988215190325,0,6234.743234229916,0,8810.817924387049,0,4802.809786127702,0,9282.445737046803,0,13367.099849050881,0,10518.772546690067,539,0.5769944341372912,1110,1532.0,72.0
43,861e233b7ffffff,50.42563941601737,18.576984552798375,0,10181.452059317227,0,5896.245489462256,0,5896.245489462256,0,16589.454799968516,0,14250.233568719063,0,9500.75296521693,0,14334.200005055733,0,15384.934397571635,0,16011.023963147723,0,17092.91448613827,155,0.2645161290322581,348,1030.0,33.0
44,861e2e4c7ffffff,50.16943073951552,19.63796630124603,0,8462.945198833304,0,4699.748336155258,0,7264.11905314086,0,16909.058174421254,0,10788.339174059045,0,4699.748336155258,0,6541.159850956755,0,14326.70060918856,0,15269.056131002062,0,16330.15719664255,599,0.6327212020033389,1174,699.0,32.0
45,861e23747ffffff,50.281992061964644,18.542061229115046,0,9278.341754205658,0,7780.136102017607,0,8552.89273158596,0,10433.906822727025,0,7780.136102017607,0,7955.762405423657,0,10027.71281661744,0,8689.919019418203,0,8384.832613567158,0,10431.410951719046,135,0.35555555555555557,240,1986.0,78.0
46,861e05b57ffffff,50.008104016973334,19.687591301710277,0,8714.117296663495,0,3464.288042903908,0,12107.408124420303,0,17995.4451934961,0,3464.288042903908,0,9175.731015401609,0,12818.830354644071,0,15130.595505703795,0,10899.154686256017,0,10443.252975138226,306,0.6013071895424836,462,381.0,15.0
47,861e2325fffffff,50.36224599375637,19.1697897375578,0,4223.113745763784,0,1850.9397013615978,0,4994.514032190149,0,6539.8568743525,0,4495.562595638754,0,1850.9397013615978,0,8396.984423851829,0,4020.1393506727877,0,5572.900788750936,0,6312.841900525744,1189,0.5811606391925989,1792,938.0,47.0
48,861e2e6a7ffffff,50.099538566128786,19.984828924406667,1,1445.9743949101419,3,1221.96183870427,0,3234.907812936212,0,2492.7624048456223,0,1819.9436875053502,0,1722.5156783426376,0,3325.969880729153,2,1221.96183870427,0,3408.1647827617,1,1362.993405158057,1684,0.6900237529691211,36481,113893.0,1299.0
49,861e2e577ffffff,50.4374264740203,19.554769498758066,0,2912.813510221257,0,1877.4522275877655,0,1877.4522275877655,0,10662.166077655944,0,7518.013014021415,0,11267.396793952415,0,8585.673600719554,0,23662.99818040162,0,33057.679840034565,0,33836.48927134216,174,0.5574712643678161,204,448.0,17.0
50,861e059a7ffffff,50.08827872286981,18.76774983256536,0,4980.085578628155,0,4990.125711250638,0,11736.00974527867,0,8356.009426749322,0,7731.026911626998,0,4990.125711250638,0,7987.761634176214,0,6500.697507781439,0,16447.424701934124,0,6175.350072666269,748,0.6122994652406417,1572,4038.0,117.0
51,861e2e447ffffff,50.29572733681567,19.76202169047359,0,8174.52440717115,0,5906.967915207043,0,5906.967915207043,0,15132.01540982843,0,8606.900365420493,0,10801.444651329255,0,9614.196298037168,0,11846.044907466046,0,25777.550340651225,0,27954.894110114135,496,0.45161290322580644,822,1804.0,44.0
52,861e05877ffffff,50.05764415425854,19.184429068593577,0,2720.0232168872376,0,2658.8703519461105,0,3193.8443052902235,0,9859.536665183112,0,16465.32541341806,0,2658.8703519461105,0,10026.761269888671,0,2817.4485368603323,0,15026.182813396515,0,2998.696168014161,1305,0.6130268199233716,2501,5476.0,225.0
53,861e2338fffffff,50.39259787215414,18.751344246944623,0,2783.7359724327066,0,2527.4161060602123,0,7465.813465721638,0,4103.0426952868775,0,7612.229370363907,0,2527.4161060602123,0,4384.160204447555,0,7236.914342417319,0,6544.3231249421615,0,10257.09220867728,807,0.5278810408921933,1501,2976.0,87.0
54,861e23207ffffff,50.412682882900725,18.9084400235664,1,898.7379886347433,1,1158.5918170475397,0,3023.4464906750136,0,3854.50369942704,0,4082.57360656371,0,6445.797849831707,1,1158.5918170475397,0,4163.365157662888,0,5039.55967770768,0,10488.00771612873,2438,0.5574241181296145,7834,19572.0,380.0
55,861e2e49fffffff,50.113771647277375,19.410987290799902,0,3055.493314218022,0,2590.3765713795683,0,18149.488308392178,0,3241.532293147404,0,2590.3765713795683,0,4152.704246257794,0,6251.05789503743,0,3368.6498128938006,0,2932.0193125728,0,3129.408887473252,732,0.644808743169399,2801,8820.0,115.0
56,861e05b2fffffff,50.079276943510266,19.58441023342256,0,10062.124044209808,0,4246.777936762325,0,17664.983270214536,0,13976.980911278146,0,10127.206885884254,0,6246.889817053147,0,4246.777936762325,0,6845.028911976627,0,12760.97937176212,0,14068.932776227191,659,0.582701062215478,1080,1154.0,72.0
57,861e23237ffffff,50.429352618901795,18.82126462390581,0,3262.0426536349464,0,1592.4317900659512,0,2893.488966870873,0,3158.3549480982447,0,3548.0810814427196,0,6253.436556969419,0,6583.541644130597,0,1684.5011818552566,0,1592.4317900659512,0,5644.700333168835,2160,0.6324074074074074,5781,11427.0,291.0
58,861e2e59fffffff,50.23819053522867,19.290586983412364,0,9877.463935427111,0,3560.886202685395,0,10371.961142287653,0,4227.387603900271,0,8732.074985028366,0,4454.1564000731505,0,3560.886202685395,0,10189.050116579192,0,4248.501774535275,0,13833.197856802059,1665,0.6948948948948949,5751,10795.0,293.0
59,861e2e46fffffff,50.33194490498717,19.8324603247012,0,14486.568694715223,0,3371.807397463708,0,10452.017256933761,0,19282.33481631273,0,12036.309293958127,0,7980.416287530708,0,3371.807397463708,0,5599.4384295585605,0,27581.981054015134,0,29185.113912551944,399,0.3634085213032581,408,67.0,5.0
60,861e2e477ffffff,50.31307956232763,19.675088040785024,0,8604.727080675328,0,8571.158576212521,0,9149.879588198553,0,8659.442556658407,0,8571.158576212521,0,8861.366751429856,0,13735.351656582827,0,15687.44888222177,0,26224.63556789779,0,26654.407009199953,728,0.37225274725274726,930,1040.0,22.0
61,861e2e5a7ffffff,50.345291284703606,19.256846188661655,0,4098.078835682598,0,2367.1268995743326,0,3474.5005775229774,0,2425.6842994626654,0,6719.0563931382985,0,4227.245205151716,0,3827.0659250029694,0,2367.1268995743326,0,9728.641021030022,0,10383.228781361631,1350,0.3459259259259259,2037,19966.0,426.0
62,861e05b07ffffff,50.042797195482805,19.51436526230921,0,13837.881455756813,0,2767.543491355085,0,23027.71111955172,0,7537.113542027315,0,7274.215747705098,0,6805.0721688235635,0,10495.111016328947,0,2767.543491355085,0,12086.509771538174,0,13171.139491286718,304,0.3223684210526316,293,1104.0,18.0
63,861e2320fffffff,50.39594183761865,18.99558626784802,0,3813.7220621532647,1,1417.8620899069383,0,8235.152586664537,0,7419.439997709068,0,1911.256214999743,0,2550.4186874594434,0,6549.583929442683,1,1417.8620899069383,0,8039.225145431037,0,12453.38823139045,1400,0.6135714285714285,2310,8332.0,323.0
64,861e2e44fffffff,50.278304195285465,19.848922364634095,0,11987.506881399651,0,4507.729006620549,0,6180.563748434224,0,17040.69721835751,0,6582.615398293174,0,4507.729006620549,0,8959.33525143745,0,10891.378029755344,0,21532.17537618772,0,23231.709419511175,442,0.3416289592760181,445,542.0,12.0
65,861e059afffffff,50.07154630304996,18.854517224978892,0,8643.801091898209,0,8553.053722997243,0,11021.576804099584,0,8553.053722997243,0,12421.84515114552,0,10081.534207635403,0,10702.80177873021,0,11276.977324087187,0,11078.63434888322,0,9841.799854537116,222,0.5720720720720721,356,346.0,9.0
66,861e2e6afffffff,50.0818889773793,20.071461003974775,0,3443.6296697292937,1,1030.6254436580602,0,1915.4119365014242,0,2628.169284896903,0,2598.6429644233704,1,1030.6254436580602,0,6417.389676667507,0,2850.272203607245,0,2535.9074793209957,0,6458.766896654978,1454,0.25997248968363135,1833,8778.0,380.0
67,861e05b27ffffff,50.09655965175439,19.497714557451154,0,9072.428651331913,0,3736.3753121125587,0,18244.47609304699,0,8383.480732192247,0,6154.8609580315715,0,4368.83289703865,0,7615.969749779697,0,3736.3753121125587,0,6602.178987761316,0,7856.850732312746,191,0.6178010471204188,289,56.0,14.0
68,861e2e497ffffff,50.13091288106167,19.324228813836243,0,3057.9687666465493,0,2910.181512951859,0,12796.538940884839,0,5908.67500328596,0,5307.514698962793,0,9510.222766045465,0,10213.414678594292,0,2910.181512951859,0,5427.844020804682,0,6483.3329330905935,4,0.75,0,48.0,2.0
69,861e2e097ffffff,50.38554144672642,19.815973958472142,0,18701.350369150074,0,4036.5408978673668,0,15937.574438148213,0,18717.296283042404,0,14507.450180000724,0,13445.934122916542,0,4036.5408978673668,0,4233.773610863532,0,33636.872555549104,0,35176.13669775823,686,0.44169096209912534,802,771.0,47.0
70,861e2e427ffffff,50.347571061293756,19.501123342586094,0,5936.586985419574,0,4370.596085955206,0,12265.021962001218,0,4370.596085955206,0,8344.644832844153,0,10408.756867338516,0,12343.496888358126,0,16726.76571007299,0,23040.348381700947,0,23704.117240374908,0,0.0,0,0.0,0.0
71,861e23387ffffff,50.40915432219782,18.66417841184265,0,3740.261987256796,0,1877.5438982320288,0,1877.5438982320288,0,10213.78488123264,0,10613.568522063637,0,3144.046085310848,0,10194.761996262088,0,11710.312624966547,0,10645.628406063786,0,12529.185769890888,125,0.504,165,288.0,17.0
72,861e23257ffffff,50.37912952646621,19.082702968369123,0,7878.43917611684,0,4390.444815614108,0,6478.32715843444,0,11864.047255753774,0,6450.196655127916,0,4390.444815614108,0,10516.037166215776,0,5099.21592436327,0,6742.027787271911,0,7459.285188990004,2117,0.5181861124232404,3139,4396.0,122.0
73,861e05857ffffff,50.00390863559737,19.201296636207708,0,4301.504703041457,0,3795.5236725109867,0,9173.714006263694,0,15869.912246170805,0,16574.663434279697,0,7604.549314892081,0,5797.801735585352,0,3795.5236725109867,0,19286.37486311526,0,3833.1717405236736,1140,0.5868421052631579,2135,4290.0,167.0
74,861e05987ffffff,50.034644353105286,18.784923631119376,0,7887.196555424134,0,6203.874954541199,0,16437.30968032175,0,8203.39537585662,0,7048.852019660945,0,7023.744984474303,0,6255.853706755743,0,6203.874954541199,0,17415.398104664455,0,7249.888428755365,1324,0.6359516616314199,3705,5710.0,204.0
75,861e2e71fffffff,50.2432453735391,20.022623263986656,0,13905.251570329394,0,4223.55072774924,0,4495.67530013868,0,4223.55072774924,0,5539.8442643945855,0,8948.652346470762,0,17564.030264257242,0,12745.465967684457,0,17728.23307036039,0,17563.935628436793,548,0.3795620437956204,511,726.0,16.0
76,861e05b4fffffff,50.02700504600307,19.84430392647518,0,2846.606121447964,1,843.1732008319561,0,3734.511475009394,0,8451.134391717549,0,6906.694208956557,1,843.1732008319561,0,2972.695666737991,0,4894.68580248475,0,6145.589448172175,0,4226.1058970956865,978,0.7014314928425358,1799,2379.0,215.0
77,861e2e557ffffff,50.383915789142975,19.571457945243875,0,8367.024892909569,0,4751.252621764432,0,7940.071155914723,0,4751.252621764432,0,10567.79934194046,0,13058.549888550304,0,13500.819548553742,0,21473.06788280664,0,29225.796652054225,0,29167.156637710224,1174,0.5604770017035775,1801,2676.0,63.0
78,861e2e687ffffff,50.04569345756754,20.001127204046796,1,1249.4746645700072,1,26.86603418225933,0,2055.6653928864603,0,3435.409561538692,0,2798.40979693686,0,2042.3732142084857,1,26.86603418225933,0,4444.315471778301,0,3688.9754842369784,0,2172.492953486464,1936,0.4555785123966942,16833,49594.0,836.0
79,861e2e7b7ffffff,50.18837050755498,19.79500732205176,0,6904.541252728466,0,4168.805675840797,0,6262.47061918225,0,14574.433556926175,0,4168.805675840797,0,4237.120715301442,0,15491.087399927193,0,14362.819562272081,0,14709.014491355741,0,17421.176185499375,1162,0.5963855421686747,2013,2210.0,108.0
80,861e233afffffff,50.44595100311457,18.73406045804774,0,4887.093157302571,0,3628.1978077737103,0,8292.740756551262,0,8887.102806802353,0,9591.165838490771,0,3628.1978077737103,0,9946.694334156393,0,6505.4132902375195,0,5160.0430792928355,0,6101.98221624193,86,0.5116279069767442,138,38.0,4.0
81,861e232efffffff,50.325659342989745,19.099719564144404,0,1814.4494890706305,3,659.6248927258105,1,659.6248927258105,0,9042.711900803477,0,2392.4358400009564,0,1872.2229576907137,0,4611.602453768244,1,1477.6099896121243,1,1479.2472753018872,0,1701.8681637458844,1123,0.5316117542297417,12419,48758.0,856.0
82,861e0582fffffff,50.07463076470902,19.097712173039774,0,5817.2739761009225,0,3501.787992716714,0,4670.1839710601635,0,10163.390556347938,0,10577.426788084214,0,3501.787992716714,0,9267.923584458193,0,6625.914308750378,0,8655.299528748328,0,9187.830355660073,1188,0.6035353535353535,3437,16270.0,172.0
83,861e0595fffffff,50.11133558436149,19.16753679187565,0,2405.5458970127484,0,2383.7416814682233,0,3237.5515776544253,0,4106.842654388218,0,12623.546307076556,0,2383.7416814682233,0,12971.74364159405,0,8698.037516574288,0,12405.672859071465,0,8802.067516140994,1240,0.5830645161290322,2598,2939.0,82.0
84,861e2e52fffffff,50.45457919246233,19.467636524194354,0,3758.4840316663553,0,2883.063230411601,0,5705.649023127184,0,14230.10365559397,0,13148.545233764635,0,4890.605319114999,0,2883.063230411601,0,21483.90757815249,0,28673.02403066822,0,29219.695187032125,90,0.5888888888888889,86,173.0,4.0
85,861e2e617ffffff,50.1357183897153,20.055205768493614,0,3696.2429215772327,0,2794.039890438809,0,6514.639385108542,0,6152.167382002761,0,2794.039890438809,0,4862.595009023137,0,8983.756903439897,0,6095.854033040924,0,7836.827998380952,0,7515.617112043349,857,0.5332555425904317,1231,735.0,37.0
86,861e05b77ffffff,50.06192357245474,19.67107393920248,0,5227.2235502951135,0,3109.0633646895094,0,11811.266845401144,0,18254.870017858862,0,7735.895353409249,0,3109.0633646895094,0,7035.049822271045,0,12808.969317820442,0,15071.488784019912,0,15031.9672441463,504,0.5634920634920635,745,1032.0,40.0
87,861e05917ffffff,50.125165680268175,18.83738453387314,0,5485.054046229165,0,2524.3063879451424,0,5698.67566817947,0,2524.3063879451424,0,11773.708077040998,0,6378.858163308086,0,6694.49786207707,0,12944.762161451385,0,11255.849734790252,0,4932.183507535504,817,0.4455324357405141,1445,2722.0,132.0
88,861e2e4e7ffffff,50.22311824274772,19.621375923974885,0,5377.150566694535,0,1642.5258008278302,0,1642.5258008278302,0,13837.595439291985,0,6280.9017681665955,0,1756.1284753200948,0,12270.719298254242,0,12901.926760706863,0,16664.325697247146,0,17377.589071840386,357,0.5070028011204482,597,75.0,9.0
89,861e2e78fffffff,50.15333976049311,19.968506611310897,0,6616.650410817234,0,3777.314025246693,0,7004.152335410648,0,3777.314025246693,0,4292.220241000654,0,4428.906105032732,0,9359.838226486443,0,5764.96294574822,0,7020.327323466496,0,7382.857058754995,1481,0.7305874409182984,2562,2979.0,170.0
90,861e232a7ffffff,50.33920023581198,18.768602722212147,0,3496.6852583544023,1,939.3106787058334,0,2752.9927613645414,0,3332.217718987421,0,1879.9245737218812,1,939.3106787058334,0,3590.1090296700286,0,3404.7901396192437,0,8424.71572275784,0,9032.647175185139,2487,0.6948130277442702,14681,43436.0,563.0
91,861e05937ffffff,50.17874081537368,18.82022679001789,0,4697.987635976429,0,3285.8948600583394,0,3285.8948600583394,0,3687.693739381499,0,10028.484966446047,0,7331.275813484684,0,5906.736641230053,0,11489.269728263254,0,10665.88368819945,0,5079.956934207083,453,0.46578366445916114,787,976.0,45.0
92,861e232c7ffffff,50.28901536745233,19.02972810726951,0,1632.8859949019964,0,1575.324938315054,0,2767.500420459793,0,3158.2041962416843,0,2141.7011202836306,0,4585.843014292616,0,5103.441775207078,0,3173.660967139255,0,1575.324938315054,0,6981.593341325448,2270,0.45638766519823787,18120,60606.0,869.0
93,861e23657ffffff,50.12153086402572,18.59413068538069,0,3542.3679467378365,0,2417.5833986189823,0,19584.461125388327,0,13004.6430469416,0,2880.8288309027266,0,2417.5833986189823,0,3619.8149001310226,0,2448.163639527527,0,19445.388282747248,0,11648.755435397508,308,0.5422077922077922,671,1558.0,80.0
94,861e05807ffffff,50.03786897842404,19.0279657275143,0,8871.985032491217,0,4680.876529620123,0,10271.282189747684,0,8862.420216298291,0,12148.697347490099,0,4680.876529620123,0,9310.718884394511,0,6230.049680320871,0,8893.587518949575,0,9128.398861011003,126,0.7619047619047619,296,35.0,3.0
95,861e2e50fffffff,50.40109728783584,19.48439227505746,0,6184.35831582594,0,7394.6753079736245,0,7394.6753079736245,0,8605.00063099213,0,13808.824161174309,0,10071.810260772512,0,7743.568893162447,0,19684.46971421784,0,26843.63732091962,0,27700.124361338323,260,0.7961538461538461,97,165.0,10.0
96,861e2365fffffff,50.10494025712929,18.680954191113482,0,4902.658738137724,0,4136.401706438119,0,15204.780313005203,0,12263.68067214958,0,5746.773550581871,0,5665.6169979616125,0,7893.3934791729125,0,4136.401706438119,0,20793.026363172186,0,7888.404143690648,774,0.5387596899224806,1380,2366.0,112.0
97,861e0580fffffff,50.02092416170486,19.11464607200336,0,5637.113680355129,1,795.6583496188041,0,7626.989748255281,0,12954.065792607276,0,16133.080483144366,0,5279.5041879124,0,5548.986410013501,1,795.6583496188041,0,13543.293600701458,0,7249.693721541598,1111,0.6039603960396039,6893,16722.0,274.0
98,861e05a67ffffff,49.97312871770215,19.860687839418627,0,3799.845479006678,0,2248.1731768103436,0,7026.945842694279,0,11215.635812745672,0,8425.813074974714,0,6235.646342113807,0,8170.8850062321335,0,10262.199004040092,0,2248.1731768103436,0,3294.345954201596,1941,0.7877382792375064,4691,5314.0,144.0
99,861e232cfffffff,50.2721448042724,19.11671119252282,0,2359.459469475722,0,1839.8322177650577,0,3044.7834696235573,0,6809.607511406235,0,1839.8322177650577,0,4218.1034580494625,0,2144.618426163306,0,3648.5206877296737,0,2924.0516762799207,0,4876.418466647635,2738,0.42111029948867784,31037,109575.0,1422.0
100,861e2e507ffffff,50.4182076391711,19.397294806386228,0,9502.944130320306,0,1596.694556186419,0,4065.7222922278693,0,11209.866671025336,0,18800.77980467853,0,6694.058298385669,0,1596.694556186419,0,15066.930015646443,0,22339.21020913343,0,22860.668125615448,1635,0.6770642201834862,3541,7235.0,163.0
101,861e2e637ffffff,50.189503873128494,20.03892653867492,0,8153.118285530225,0,4000.1005791716325,0,9152.26799418915,0,6754.489452745657,0,4000.1005791716325,0,9576.712510276348,0,13913.13471762101,0,11018.606740515017,0,12893.439206685369,0,12060.965490513694,535,0.45794392523364486,611,557.0,16.0
102,861e2e797ffffff,50.13462599544633,19.811463718421834,1,968.3379402779262,0,6607.729255772359,0,8314.812892765838,0,10437.2428808321,0,10006.302720082254,0,6607.729255772359,0,10606.33736012292,0,9190.421121589696,0,10023.624725482552,0,13242.472741044505,1528,0.7041884816753927,3111,2291.0,92.0
103,861e2329fffffff,50.232271654957145,18.803043941505845,0,7491.786716199599,0,4727.512795501208,0,7936.018176268195,0,8341.26101358662,0,6276.27595741106,0,4727.512795501208,0,9213.54918568735,0,8777.542036636563,0,5075.215561669007,0,8532.416194095405,1268,0.6593059936908517,2866,6897.0,205.0
104,861e2e537ffffff,50.43524679488975,19.310165924558206,0,14476.043844307593,0,4500.9142544194165,0,4500.9142544194165,0,8346.722767723328,0,16078.704250671613,0,7303.957715305979,0,5376.368609295824,0,12261.864872905151,0,18352.19073386455,0,19020.01297644695,240,0.5166666666666667,276,327.0,11.0
105,861e2e407ffffff,50.29400056513415,19.517829778435505,0,2778.5743598650274,0,3440.855193939549,0,10664.335996882055,0,6151.034350956236,0,3440.855193939549,0,5047.483255363523,0,15405.67237830123,0,11545.623614263715,0,18528.727988413575,0,18477.77816768718,123,0.4878048780487805,115,359.0,59.0
106,861e05837ffffff,50.05474304036944,18.941255984365327,0,6120.247292390589,0,6815.538675734466,0,8453.809694700396,0,8567.353903567919,0,10910.340162190414,0,6815.538675734466,0,7655.09566618367,0,12428.970771908731,0,7674.517276439037,0,7978.6185992209685,1560,0.6730769230769231,3883,8864.0,303.0
107,861e05967ffffff,50.21858596289388,19.133677905431526,0,2415.010146631741,1,1429.019231877155,1,1429.019231877155,0,8853.990251876665,0,3030.077599356275,0,4646.724641458242,0,1851.8010845103959,0,8604.974505771992,0,8646.344359599774,0,10883.985456981129,1427,0.6748423265592152,3013,8850.0,422.0
108,861e232f7ffffff,50.30581482293635,18.942715409375293,1,1405.6356807707887,2,279.15720040680714,0,2156.5878620534118,0,2388.7160609902376,2,279.15720040680714,0,4697.685990556209,0,1580.4514272662911,0,3043.4958683040322,0,5220.619233635124,0,5056.136546633201,2900,0.593103448275862,35153,165286.0,1964.0
109,861e0590fffffff,50.14518002747304,18.993940451468784,0,3644.970805189864,1,370.5944061571174,0,2282.320796861301,0,6597.465544129226,1,370.5944061571174,0,8465.96879757213,0,3155.3254324509403,0,7207.273491587475,0,3371.417326888365,0,6869.874171861143,3369,0.7313742950430395,7575,11268.0,307.0
110,861e2e4dfffffff,50.11569916475673,19.654532289329254,0,5403.661354059996,0,3006.1517283733765,0,13303.857291473978,0,18088.537565213963,0,12455.23814035483,0,3079.5205765480205,0,3006.1517283733765,0,13004.22123850735,0,16207.099465490273,0,17477.30452259919,751,0.6804260985352862,1522,1592.0,62.0
111,861e2375fffffff,50.228549386792636,18.55944305710364,0,3692.247611785197,0,5093.391907583087,0,10139.252826359658,0,7429.772836994976,0,7649.697838781197,0,5093.391907583087,0,6973.8584478776775,0,6965.338634803001,0,9954.801150420233,0,7423.932407684659,779,0.6495507060333762,1669,4058.0,88.0
112,861e05b6fffffff,50.080837490153556,19.82789590299741,0,5328.744326765561,0,2369.7374461392615,0,2369.7374461392615,0,7646.0840260507775,0,7241.704672750062,0,6080.083156689261,0,4850.598385520337,0,4131.008635271645,0,6128.924205853979,0,8537.159226723961,1332,0.6268768768768769,2710,5649.0,220.0
113,861e2e55fffffff,50.36666319225049,19.658491432486088,0,12685.771815214832,0,7415.124970291667,0,12462.378011291128,0,7415.124970291667,0,10795.568221364923,0,12653.526637442568,0,13959.586153348428,0,15295.024747269448,0,30265.84610643727,0,30487.885900405032,551,0.49183303085299457,786,894.0,27.0
114,861e0598fffffff,50.01788273750734,18.87162491510892,0,7255.387394329913,0,5846.03786693897,0,14419.614819559794,0,6988.847645786235,0,13479.42356467075,0,7668.922737785629,0,12563.966978094948,0,12683.521538731475,0,13888.976335511448,0,5846.03786693897,712,0.6306179775280899,1504,2188.0,104.0
115,861e0585fffffff,49.986822446380444,19.28791703930955,0,8114.162743947218,0,2543.147116454387,0,13942.527349292683,0,10742.150495606498,0,10369.843129931218,0,13116.313084357005,0,2543.147116454387,0,8009.475153938702,0,18860.145820962156,0,7813.861714029474,680,0.5441176470588235,1343,1548.0,54.0
116,861e2e42fffffff,50.33036082059672,19.588121797287226,0,7016.337527826013,0,2248.874677380638,0,11150.886183092332,0,2248.874677380638,0,5437.550806156124,0,7173.148311826759,0,18197.90640556607,0,17624.55200778104,0,24256.388939700828,0,24375.72939086986,603,0.5505804311774462,1848,5078.0,75.0
117,861e2e09fffffff,50.36810431590618,19.902976011491273,0,20868.230443965353,0,2251.152589716023,0,16240.716081387984,0,18803.615645016504,0,17270.844229903392,0,9662.799514609804,0,3603.1772733245934,0,2251.152589716023,0,30653.80616914674,0,31696.739735259183,579,0.3454231433506045,504,571.0,48.0
118,861e23277ffffff,50.43255530249941,19.06566135313461,0,8599.001230162581,1,605.3431339177029,0,10694.875376003316,0,13729.038186255519,0,7936.010960885692,1,605.3431339177029,0,11952.86243756938,0,5469.789836561459,0,11997.618966084803,0,13484.886778494709,808,0.47029702970297027,1150,4267.0,111.0
119,861e233a7ffffff,50.46247799393585,18.64682791596353,0,8193.93601154441,0,7311.168022845255,0,7320.952347537499,0,14846.223735012827,0,15961.824208710184,0,7311.168022845255,0,15120.294990370478,0,12853.240430121303,0,11581.213339406235,0,11225.893060698028,476,0.38445378151260506,640,1130.0,25.0
120,861e058e7ffffff,49.967173485809866,19.131555226952642,1,852.6096798476866,1,723.7696601042753,0,12994.419842698922,0,13303.044096065469,0,21755.87400172996,0,10739.889292422322,1,723.7696601042753,0,5623.700959772406,0,19139.126936024142,0,9745.321601475931,1234,0.6515397082658023,7305,33189.0,406.0
121,861e2e6b7ffffff,50.06330074212041,19.914528281189092,2,956.7205904935742,6,744.9067553911277,1,1490.3549264398978,0,2737.1802848268903,1,744.9067553911277,1,1104.3688234713204,1,886.3531000588312,0,1809.280610808776,2,979.7419175071948,0,4601.737259158535,4105,0.6535931790499391,33684,109661.0,1918.0
122,861e2e587ffffff,50.291763049560195,19.273728982391255,0,5270.872748755027,0,2243.962476078145,0,9342.120422425895,0,8398.660343711625,0,6973.395186293026,0,7800.441965981581,0,2243.962476078145,0,6329.89985110268,0,9802.808369343875,0,11390.390807359423,1898,0.684931506849315,3565,3173.0,117.0
123,861e059b7ffffff,50.051335162166424,18.69819406151497,0,1538.6620843885685,2,365.3268695543315,0,18062.884875889577,0,11418.14839568924,1,1307.8181901931669,0,4994.171245632123,0,2108.542429032407,1,365.3268695543315,0,22307.66469340655,0,2190.264465205952,3423,0.5801928133216476,10823,49204.0,1179.0
124,861e2e457ffffff,50.25945173978204,19.691660195155666,0,2544.1865844781923,0,4850.129948441045,0,4850.129948441045,0,12993.603822969411,0,9151.633040466757,0,8007.445616646173,0,16008.654353735146,0,18223.49961537731,0,23088.84021298027,0,23771.067618923575,83,0.6265060240963856,148,18.0,4.0
125,861e2e4b7ffffff,50.18457379462952,19.307420243385355,0,7799.539755400308,0,3142.243073144389,0,12530.373423647963,0,3142.243073144389,0,4950.979626822921,0,4258.948576590012,0,6597.027734604143,0,8862.365638127309,0,3268.086685477032,0,8929.415812880727,749,0.774365821094793,1586,3579.0,153.0
126,861e05b47ffffff,50.04449958938873,19.75770529614419,0,4859.013249360133,0,5876.236442108742,0,5876.236442108742,0,13410.351552711661,0,5880.5684392497915,0,6340.945974363196,0,8137.618643248818,0,9023.324493971328,0,9500.973386794702,0,9840.742389870991,979,0.5526046986721144,291,2735.0,174.0
127,861e23217ffffff,50.37597010687138,18.838481668327205,0,3002.224536916306,1,1216.1835773706912,0,7682.235576975607,0,3042.376752353202,0,6338.1662434788805,0,6146.703838285665,0,3161.976406295446,1,1216.1835773706912,0,5915.074669446704,0,9452.543732590346,490,0.6448979591836734,12186,46224.0,389.0
128,861e2e717ffffff,50.26081018985595,19.935789682444042,0,17457.47849629728,0,2844.6622265094957,0,9676.989072995988,0,10584.632393231193,0,9835.1601342925,0,2844.6622265094957,0,12339.391949935985,0,12688.670426411747,0,18624.55479831179,0,19545.356711324825,502,0.450199203187251,573,73.0,11.0
129,861e2324fffffff,50.39877518811628,19.23993855042826,0,8912.003256199812,0,1855.919669130247,0,3245.9678954291326,0,3858.6820244267315,0,9902.518931100649,0,1855.919669130247,0,9892.373316077621,0,6691.378247487538,0,11942.761636956584,0,12629.63086935001,1613,0.5406075635461872,2283,4523.0,204.0
130,861e2e48fffffff,50.150278066465646,19.481039389354887,0,3635.103041330261,1,619.4791535825273,0,14483.598181593921,0,5504.887972605182,1,619.4791535825273,0,3800.3549009549693,0,1910.5546476141035,0,4819.895037823857,0,3917.703939638175,0,4923.709302849585,1900,0.6636842105263158,6465,17813.0,367.0
131,861e05b0fffffff,50.02548589697116,19.60099428098661,0,11659.349358428672,0,4338.531688956524,0,17267.003556370426,0,12170.123703718315,0,4338.531688956524,0,8704.029787944111,0,9749.042206664455,0,8849.181162683844,0,17386.171278806753,0,16875.687450496822,170,0.5647058823529412,269,142.0,9.0
132,861e2e5afffffff,50.32826544542289,19.343871935757385,0,9245.456027577336,0,5696.5268539557355,0,7547.532806328501,0,7266.325279280902,0,12405.857593545186,0,9129.379940975588,0,5696.5268539557355,0,8554.648329502816,0,14955.551357675171,0,16112.433397675279,201,0.004975124378109453,8,280.0,25.0
133,861e05b1fffffff,49.98899075205182,19.530991554916323,0,18104.99582879224,1,1368.2456821326518,0,23238.92947858239,0,6789.480453954935,1,1368.2456821326518,0,12161.36613062561,0,14880.141793177208,0,8700.581695505634,0,17972.30772478318,0,18964.70210936638,673,0.6166419019316494,1459,1494.0,65.0
134,861e23227ffffff,50.46605021506084,18.89126456677079,0,3166.7769098699387,0,3039.6342546574506,0,3039.6342546574506,0,3329.8602455362325,0,3378.5053743276408,0,11295.337189985452,0,7105.016355739915,0,3980.970394631148,0,3452.1100308720784,0,6420.038170866439,164,0.31097560975609756,0,423.0,54.0
135,861e2e467ffffff,50.34933954721433,19.745492353202987,0,13061.165053375054,0,7818.789023869387,0,11979.951163682046,0,13090.660950831909,0,14330.798081476822,0,14056.566058456174,0,7818.789023869387,0,9521.625839772207,0,31608.149009470082,0,33049.77998862983,639,0.4131455399061033,670,645.0,35.0
136,861e2e597ffffff,50.25520317827282,19.203664279506956,0,3561.9900211958948,0,3101.288245942995,0,5059.5372810522595,0,7698.561394286684,0,3420.70523794942,0,3101.288245942995,0,4191.942382906388,0,4593.737809845756,0,6817.6737939586255,0,9091.601057475329,488,0.4077868852459016,732,14685.0,333.0
137,861e0586fffffff,50.0772078482032,19.341012746156906,0,3229.204360740297,0,3193.449381599508,0,12827.037181863712,0,8590.178799168561,0,7666.215492980468,0,7176.154416082038,0,10176.22484082263,0,3193.449381599508,0,8181.580313657086,0,8855.823103806439,1375,0.6392727272727273,2578,4816.0,142.0
138,861e2e56fffffff,50.456431295504935,19.71236037953224,0,13632.748631974468,0,4332.7386765372285,0,11666.67293685441,0,16650.737581255686,0,4332.7386765372285,0,21639.70714909874,0,14818.426796976371,0,14574.65240302012,0,40790.094370290506,0,40936.21826695978,449,0.40311804008908686,495,679.0,16.0
139,861e2e707ffffff,50.29694283724746,20.00629589376289,0,19852.937688324168,0,5541.234745212457,0,5541.234745212457,0,8004.5751297517145,0,6962.753555330547,0,6933.522971171005,0,12810.808918182713,0,6968.848588664294,0,23156.47457987065,0,23353.54798592675,421,0.41330166270783847,443,26.0,9.0
140,861e05b37ffffff,50.06003786232444,19.427704624230216,0,8987.894406849107,0,2603.375957207114,0,19180.393900274907,0,7059.344846678685,0,7310.246372322932,0,2603.375957207114,0,11084.257611838797,0,4618.781488263086,0,8565.958942601575,0,9155.20662643763,96,0.6145833333333334,188,144.0,13.0
141,861e2e4a7ffffff,50.22110692181303,19.377478920257737,0,7256.009681530825,0,2582.7770820936826,0,16539.581315295232,0,7773.717587269061,0,5604.187107890225,0,2582.7770820936826,0,8924.702716533608,0,5188.412169491617,0,7904.717257568718,0,9170.880665488154,741,0.717948717948718,1503,1512.0,56.0
142,861e2e69fffffff,49.991804489479115,20.017401500641746,0,4492.037354699405,1,1262.8831642094417,0,1758.3244380143806,0,8218.510135250133,0,2750.9910269258835,1,1262.8831642094417,0,2605.566362101438,0,8762.074553603143,0,2288.4054498569717,0,5124.669057922248,2283,0.7950065703022339,6481,24023.0,507.0
143,861e05977ffffff,50.181911535212755,19.063769937382023,0,4715.361333881241,0,3807.514492365753,0,3807.514492365753,0,7311.005942473119,0,6135.10044687149,0,6612.224051572047,0,4840.425087224614,0,6699.75882202899,0,8575.534829518898,0,11500.37251807251,0,0.0,0,19.0,3.0
144,861e23397ffffff,50.372300701902326,18.594376232063208,0,9319.375475021836,0,4127.775597819161,0,4127.775597819161,0,13980.520859724082,0,8675.271508142892,0,8147.200154181107,0,8885.492744770134,0,9759.021409716206,0,10089.346048199826,0,16604.717846809108,328,0.42378048780487804,456,311.0,19.0
145,861e05847ffffff,50.04058680042855,19.271115835101345,0,4133.167694562135,0,4207.68482838093,0,9096.706517010587,0,12839.582448608511,0,12627.704332339397,0,9142.92866237655,0,7095.722489971877,0,4475.65378630888,0,14395.968853602926,0,4207.68482838093,1288,0.37888198757763975,1411,5677.0,248.0
146,861e2e417ffffff,50.25758255550419,19.447615458831145,0,4382.953837213187,0,5433.743983483116,0,13634.662205560866,0,12386.285383105116,0,8315.413407377842,0,5433.743983483116,0,10820.627747015107,0,6220.840674113743,0,13442.61920055444,0,13090.851471536489,818,0.6625916870415648,3881,31136.0,275.0
147,861e2e547ffffff,50.4202025769124,19.641870318883687,0,9309.237039632175,0,4892.44021041052,0,7635.831005863042,0,10423.870994875344,0,4892.44021041052,0,17715.775804629622,0,14931.852732017609,0,17188.659463003645,0,34896.89229282331,0,34957.88533625295,285,0.40350877192982454,256,509.0,21.0
148,861e2e7a7ffffff,50.22461937060032,19.865360129360948,0,11685.158324690345,0,3956.385632028583,0,6406.365599767276,0,13825.64251870659,0,3956.385632028583,0,4222.211788325775,0,14938.758178808297,0,15510.126839443414,0,15498.943171432635,0,17359.61722588602,1915,0.62088772845953,3230,6333.0,171.0
149,861e05b5fffffff,49.9906516065629,19.774155946792362,0,3719.7277293427283,0,3116.856257593664,0,8911.956794868409,0,14716.835442685146,0,3116.856257593664,0,7234.484611554352,0,9385.741466117413,0,11175.352472019818,0,4436.967975546981,0,4209.453760321151,956,0.608786610878661,1962,1002.0,44.0
150,861e2374fffffff,50.265489741894136,18.629083345858046,0,3318.0891500874577,0,2431.4115703031007,0,3759.7633109592653,0,4680.481041173262,0,2431.4115703031007,0,4792.203073333795,0,6066.142660991224,0,3917.8101107957914,0,3582.6662570824774,0,4680.947712277158,163,0.5153374233128835,284,268.0,68.0
151,861e2e4cfffffff,50.15206372926755,19.724731346938356,0,6339.650498094228,0,4386.634703298111,0,10968.137521741579,0,16792.129165474387,0,10100.0576282669,0,4386.634703298111,0,9113.214222641343,0,14746.070356138971,0,16097.689792001967,0,19343.916329437703,371,0.5660377358490566,577,410.0,18.0
152,861e232dfffffff,50.235485595245436,19.046761497510605,0,2276.0615851462926,0,1779.7895144196143,0,1779.7895144196143,0,2864.180738512731,0,3998.8567080160847,0,2323.206991140625,0,2758.9794623331554,0,3045.670539995172,0,4939.655612696683,0,10298.35513207927,359,0.15598885793871867,2711,26475.0,823.0
153,861e0594fffffff,50.14798330498305,19.237439507773775,0,4383.1850216186285,0,3684.043668968215,0,9069.562177428974,0,3684.043668968215,0,10030.592845770318,0,8756.849367299521,0,8846.569652665225,0,8124.838133899773,0,6469.367637440701,0,12395.126989471133,699,0.7153075822603719,1750,1779.0,134.0
154,861e2328fffffff,50.2690717306014,18.87284012707406,0,1529.9482897938335,1,854.657717446388,0,7096.89147098121,0,4208.951679272668,0,2547.5320494566527,1,854.657717446388,0,4035.4594927266444,0,7633.338934818775,0,3097.2400217532863,0,2777.883182810885,2211,0.5309814563545907,21843,131415.0,1364.0
155,861e0581fffffff,49.98414725953338,19.044941094887218,0,6900.273040292032,0,1780.3861811812815,0,13763.715194864284,0,7076.617320941112,0,18240.610382833325,0,5303.606239600849,0,6655.668777844673,0,1780.3861811812815,0,14977.21730476018,0,8029.495651364636,725,0.5710344827586207,1505,2325.0,79.0
156,861e2366fffffff,50.19541472936678,18.733326925239574,0,6323.216022513918,0,5155.821573207403,0,9747.521938004138,0,6262.980272582153,0,5904.013525210298,0,5447.245055007775,0,12361.537704971659,0,5155.821573207403,0,11177.53152620623,0,6265.070966130479,483,0.5486542443064182,955,1332.0,63.0
157,861e2e51fffffff,50.36471023498616,19.41409306016507,0,8731.552508802864,0,7583.665264223551,0,10010.653039877718,0,10818.014026668594,0,13913.038379080914,0,11977.704084678375,0,7583.665264223551,0,13748.446135287762,0,20756.508817685764,0,21729.32060545805,171,0.5146198830409356,172,161.0,10.0
158,861e232b7ffffff,50.302373402933966,18.69880325762418,0,2887.50792168966,2,510.77575208231434,0,2316.937482521406,0,6190.394790961538,1,510.77575208231434,0,3747.283903628549,0,1942.2848490288202,1,1266.6462839190629,0,3091.7172387387277,0,8465.938071319879,3347,0.6372871227965342,21668,86344.0,1225.0
159,861e2e4f7ffffff,50.18672697504313,19.55116896104218,0,7032.908653536714,0,4990.760493818886,0,8046.576743631114,0,11535.94421435051,0,5882.699881663192,0,4990.760493818886,0,7157.189669232214,0,7852.718272985652,0,10251.024261732899,0,11030.539840358268,402,0.6218905472636815,771,2703.0,13.0
160,861e23647ffffff,50.15850108763895,18.663689149741895,0,4533.338182028793,1,333.22768655041324,0,14496.071058586938,0,7911.833899145715,1,333.22768655041324,0,4168.6543168333965,0,8289.405020463548,0,4926.663120115641,0,14783.67763580848,0,7907.72658432346,2059,0.5536668285575522,7518,29328.0,435.0
161,861e05927ffffff,50.215555970877375,18.889981645900132,0,2801.0816127834005,0,2980.3072411476196,0,5027.401852529653,0,5531.977238668565,0,4262.6867655653405,0,2980.3072411476196,0,3117.208256975079,0,6012.518227383528,0,6626.080330126946,0,5437.006764188185,11,0.09090909090909091,0,28.0,3.0
